owner_id,post_id,display_src,media_preview,comments_count,gating_info,caption,thumbnail_src,comments_disabled,likes_count,is_video,dimensions,typename,code,video_views,date
261405032,1243644789384054044,https://scontent-lga3-1.cdninstagram.com/vp/8d0073bcf0c1ae1e366a62df4446cb62/5C059B84/t51.2885-15/e35/13118182_940759399378809_1509394751_n.jpg,ACoq3PtQ5GDkVLHKJBkflVF4mHTt0I60gJXkcH1H9VoEaWabJIIxk1VE7HoR+RqItu+Y8n34/IdaALP2occHJpftI9DVZImJJ557n+g/xp2yEcHGfxpAZcN7Koz97Prz0qyNSQ8OvPf/AOtVaNmVVyF5GRyejevFRBCw80qArtxz3Jx6UkMvG/ts7tvPSkOqRL9xf0/nVJQZMHA5zgew/r/SlG7ZuVRtYZ69vyqrCJ5LuWXgDH04/PFUvOkPOevv/wDXqdLonGAoLAdc9OnPFZ7yFWKkdCR+VKw7+R0P9lrgDPT/AD+XtT20xHVUbkJnHJ71p0UwMb+yR5mcjy8fdyc5/wD11KNLQdO3bJx+ValFAbGR/ZSgAA4xTW0gMSS3XmtmigD/2Q==,9,,,https://scontent-lga3-1.cdninstagram.com/vp/fbb51ce36e765d699875b76c3b124a63/5BF35F48/t51.2885-15/sh0.08/e35/s640x640/13118182_940759399378809_1509394751_n.jpg,False,32,False,"{'height': 1080, 'width': 1080}",GraphImage,https://www.instagram.com/p/BFCUFjKAIUc,,2016-05-05 13:47:13
261405032,1236602958699857832,https://scontent-lga3-1.cdninstagram.com/vp/76d0af4e8964f73d3d93cf82e8b832e2/5BF50C67/t51.2885-15/e35/12107661_563525683850551_378675684_n.jpg,ACoqJbmJSy7AXDHkjg8nNMlnhdcIu1uM8fniqk3Mrf7zfzNR0AaAmhVB8uXAGcjjPfnmkmlhZPkGG47Y+vNEaK0Qj+bLfOTkbQeQAc9yBVLaSSBzj0/p9e3rQBYjaZB+7XIPfHXjGOnb2rdhkJjXIwdoz+VYquyhWx8qdScjnJ49/wABWxGwZQR3AP6UAYspUSMcHIZu/uajUqfvAn8a6ZsZ6D8hSceg/IUAcvvw4GBtAIweeDz+Jz0qQShGDFcgHJA4z+VXVUG/PoBn/wAdA/rWmVU9h+Q/woAzJNU8z7mECjo4yWPp9P1rXhuEdFbGNyg49MioTHGey/8AfI/wq2iqFAAHQdqAIWByee9MwfapW60lAGZMBbTee2TvG3gcDp3/AA6Yq4rlxuTDA9CD/wDWp8wBjcHn5T/KsPTmImAzwQcj1oA2Rk54xiriD5R9BUI6n61ZHQUAf//Z,0,,,https://scontent-lga3-1.cdninstagram.com/vp/993cd715f0dcee5d5cb6a16cf3b677c3/5BEE07F2/t51.2885-15/sh0.08/e35/s640x640/12107661_563525683850551_378675684_n.jpg,False,16,False,"{'height': 1080, 'width': 1080}",GraphImage,https://www.instagram.com/p/BEpS9bRgIeo,,2016-04-25 20:36:21
261405032,1235153032325399649,https://scontent-lga3-1.cdninstagram.com/vp/dffb6500c9dd614cba5bf576c1834d4e/5BFE84CD/t51.2885-15/e35/12976665_1028946243847306_1324008975_n.jpg,,1,,,https://scontent-lga3-1.cdninstagram.com/vp/c1057fc43d5b25c1157f480555cc622e/5C018E66/t51.2885-15/sh0.08/e35/s640x640/12976665_1028946243847306_1324008975_n.jpg,False,19,False,"{'height': 1080, 'width': 1080}",GraphImage,https://www.instagram.com/p/BEkJSOHAIRh,,2016-04-23 20:35:37
261405032,1207959927851615687,https://scontent-lga3-1.cdninstagram.com/vp/24c4d118bf26e8823923ee3c71e81600/5BF3A849/t51.2885-15/e35/12826043_785869884883287_1992935594_n.jpg,ACoq1pbpkljjyPnzn8uP1qxvasG5d/tIPB2lQP8A6/4mtkmmIeZWo8xqi3UbgOT25oAp3WoSIcRkYHBOO/pUQvrgjO4c/wCyKpPJu3YyMkkcfjzSiQ+h/wA/hQBWLZJbnPXPce9bUF4s5IHB7e4xWOHHPH3vpREODjrkYqblWOgNV5rhUDLnDY4/HP8Ak1G14hTI+9jp7/8A1qz2BI/2s9fr3piFQdR26YPuMf1piSfKPmxwOKkWIg/N2waptG+TyOvrSKJGHONrZPfH+eOKkA2gjkHqeD+XTvXY0UxXOOCNjcoyT0OD/LHamkSEbQvIOe/4D8etdnRQI5EliuShDFgSAM9D/XpQ2zJ4/Q111FAH/9k=,0,,,https://scontent-lga3-1.cdninstagram.com/vp/ce4750a1306071cdd5876deb5ee5e1ef/5BEEB285/t51.2885-15/sh0.08/e35/s640x640/12826043_785869884883287_1992935594_n.jpg,False,17,False,"{'height': 1080, 'width': 1080}",GraphImage,https://www.instagram.com/p/BDDiSeCgIXH,,2016-03-17 08:07:46
261405032,1173226930980292317,https://scontent-lga3-1.cdninstagram.com/vp/29a460cdb36f0886d95d7505fe5d0950/5C07D56B/t51.2885-15/e35/12547596_219308268409444_666237451_n.jpg,ACoq2bsLld2e/SqM4VU/dko5IHzfr2NXL3AIPcAn+VZk2ZF5x+Xb8PSgQy4sXZ8phlIGSWHX/D8KtQ6aAMyMfouMfmRz+VQ/NuVFzgdfyqwrEsVBxjjHt7e/607sC3DapE+5CfQ55/wwavVVQgsP0q1QCKVzEZWAHHB5/Ks6VREwA5bnkdsdq1Z0LHj0PP5cH6+1RIhHDAHtx/npSAzhKP4OPUHt7/0FWkB27iRnI/8A1ep/z6U026uWfd32nHtxj396YVbdjIBzwfbvnBxn/wDXTEX41wwP1q3VCLcJAH5xnaenFX6Q0MYVGVIOR+NPbqKdQMr+V8uEwMnP49/zpQgXovB9hUOcSEeh/rVvvQIahDHjse/9KmqNakoGf//Z,1,,,https://scontent-lga3-1.cdninstagram.com/vp/de61c8818254107e03e4e248188aad13/5C03C2FE/t51.2885-15/sh0.08/e35/s640x640/12547596_219308268409444_666237451_n.jpg,False,15,False,"{'height': 1080, 'width': 1080}",GraphImage,https://www.instagram.com/p/BBII61-AIbd,,2016-01-29 09:59:30
261405032,1168976881567958465,https://scontent-lga3-1.cdninstagram.com/vp/0e26a4e26334f6b583de609248a12cab/5BECBF6E/t51.2885-15/e35/12519176_1018902574838277_448366808_n.jpg,ACoq3PtkP94fr/hR9thzjcMn6/4VkEDBY8f5/wAcColAkJ2/wjPt+f8A9as05NXS0LaS0vqbf26DGdwx9D/hTvtkOM7hgfX/AArn2YYbjI9fT/PSophswrdfb0wDj8aE23sDVjoTqFuP4xz7H/Cg6hbqcFxkcdD/AIVzO7g5H1/oP8ajLg//AKzVkmxHF9pyvTGCf8//AFqc1r5CEqc5xn/P+etLZ/O7KeMr1HB6+tSHzBEQ53ADOSPRu57/AJCs1JpWuW0nIqW9oRmNmYK5w+Mc8Z71Je2ke0uWO/bwOMEDA/zzS3MyMhCnknPUelQFneHHA2qd3qen68frUpu1ypJXWljPaJvvHGPam4FSyHCAepqKqu3uVKKi7I6eKxMRyrckY5XP9aJLN5FKNJ8rcEbB/jWhRV2RhdmL/Yw/v/8Ajo/xpv8AYgByJCPw/wDr1uUU7Id2Yh0bPWQ8f7I/xo/sUf3z/wB8j/GtuiiyDmb6n//Z,0,,,https://scontent-lga3-1.cdninstagram.com/vp/819be0b2e423a737700f76ddb9e4b6d7/5C12F6A2/t51.2885-15/sh0.08/e35/s640x640/12519176_1018902574838277_448366808_n.jpg,False,14,False,"{'height': 1080, 'width': 1080}",GraphImage,https://www.instagram.com/p/BA5CkfAgIXB,,2016-01-23 13:15:25
261405032,1158998826170746549,https://scontent-lga3-1.cdninstagram.com/vp/c9982db494e9c3fd87e3668efd4f2da3/5C0F01CD/t51.2885-15/e35/10643981_946077848792134_1678340802_n.jpg,ACoq1X1DZgFTk8jnt+A4/Gkk1ExcuhGeOuf5CqtzDKzAp93AB5x3JqW8WVgDB94E56DjH0NICZtQ2pvKHBx3z16cAZp0d9vG4Kdp9/T2xVd0fyV2j51CnHTp15qS3VhH84+Ykk85689aBkkV+Jc7VPHrkdeh5FIdQVSQQcjjv/hVa1SZWJl5G0Ac56GleBmYn1JPWgRVu5JVnVELBcLuAxjlj1qXVHkRV8kkEk5x6YqSV4xKEZSzHHzY456ZPtS3rxoAZFL5zgDnH+e3vSGMupWjtd6khtq89+cZ/On6dIZYFZjuJJyT9alcoIgWG5SB8uM9cY4p9uysvyDYMkYxjn6CgDL0+SQzOrsWBBxk9MN/hWtk1VhniaUxou1hu5wAODg4INW8UAVDbTb8hQFypxnnjHvjtT54ZpCCq9M9SO+PQ+1atFOwXZltDMYwgXkbeSRjjHvTY4bhVxtG4tuyCMflmtaiiwXMWOzlSbzsf3uOP4vfPare2X+6f++hV+iiwj//2Q==,0,,,https://scontent-lga3-1.cdninstagram.com/vp/5fa5cb7bf9f7fed573317dc6572fa5bc/5C055801/t51.2885-15/sh0.08/e35/s640x640/10643981_946077848792134_1678340802_n.jpg,False,15,False,"{'height': 1080, 'width': 1080}",GraphImage,https://www.instagram.com/p/BAVl0qxAIa1,,2016-01-09 18:50:48
261405032,1134158197171455961,https://scontent-lga3-1.cdninstagram.com/vp/19790f786f18e64419110b1e6b18d3cf/5BFE6706/t51.2885-15/e35/12327923_1712041725691943_1850478473_n.jpg,ACoq6aiuFgnlLrl3xuH8R9frXRMz7QVJPIzyenOam47GxRVS35Jzk/jTXcI7EngqMdeuTTuIu0VnyyLIFCkghlPcfWmiVAMF2/Wi4zmILhS4GxRz19K23bheeOen0PWsP7SCm1Rty3X1x/IZ54qWOZv4yD6DI/yKzZS3OmtnXr2qK4YAsWZQpAwCeepP9eKxTOjZXeVJxxnj9P61Slb5iMgj6+3FNMbRuC4hBHzr+YpzSwkn50/76FcucZ6im8e1USd3/Z1t/wA80/IUf2fbf880/IVcoqiSn/Z1t/zzT8hSf2dbf880/IVdooApf2dbf880/IUf2dbf880/IVdooA//2Q==,13,,,https://scontent-lga3-1.cdninstagram.com/vp/cccf69c564bb116e77ae0997445ed08a/5BFD24AD/t51.2885-15/sh0.08/e35/s640x640/12327923_1712041725691943_1850478473_n.jpg,False,16,False,"{'height': 1080, 'width': 1080}",GraphImage,https://www.instagram.com/p/-9Vt8NgIfZ,,2015-12-06 12:16:54
261405032,1133537059714139433,https://scontent-lga3-1.cdninstagram.com/vp/ed2c14ec9585b0659f5ac60879ffac5a/5C0CBF3F/t51.2885-15/e35/12346240_1645123392442149_830136087_n.jpg,ACoquR3MhPzMQoBJxjt07etEc8silt+APYf4VjNdyLlGBQH7wI6/j1qzFe7BtADL7dR+B61Jdi+Z5l6sf0/wpPtUv94/p/hUIuEMeEOWJA9CB347en8qQUmNLyJ/tUv94/p/hS/apP7x/If4VXpKQWKS3r9GO8eki5/WlYwSffjKH1jP9DU5lRvvxL9VJH6U3bbtxl4/qMj9Kof9f1YjWIHmGVSfRxtP+FSFp4v9YhI9V5H5jNNNqrnCOrfXika3ntxuXcuO6nK/j1oFcfFcJKdoyD6EVPg1Xhkkf/WYz64AP51YyKkZXzTuK6jaPQUbR6CqsTzHLFAaQpgYBIB7Amuq2j0pdo9KLBzHKjcOpz9ak3Cul2j0o2j0FFhXP//Z,1,,,https://scontent-lga3-1.cdninstagram.com/vp/3d84789baff13684b6ab480d1bcf12e4/5BFF36F3/t51.2885-15/sh0.08/e35/s640x640/12346240_1645123392442149_830136087_n.jpg,False,12,False,"{'height': 1080, 'width': 1080}",GraphImage,https://www.instagram.com/p/-7IfM4AIUp,,2015-12-05 15:42:49
261405032,1121005884084881034,https://scontent-lga3-1.cdninstagram.com/vp/dd4d835f36c4a87c3f301e6d40211cbe/5BF6A306/t51.2885-15/e35/12269887_168018636884948_1005523011_n.jpg,ACoq6WgEHpzWQ+p4XIGPr09/c47VSkvyx/d5H+c9PT0oA6TNNMiqcEgH3NczHNK2SWyW6jP5f/WpkKsWPzAZP3mP+c0rgdP58f8AeX8xTvMX1H51y24j/ax39auCQY5ouBRvHAIUnNVkPp+FWJWV2Us2QB6ZJz9MdKjEaiMkEZGcZ4OOMY9fp2qdhoW1lCtuboP/ANR/KhXAIVRgdiTn/wCt9aRudu0g/LzwePrn+dMyAwyOg556/wCH60DLgkSaTCrgkYIzwT3x6fhVwRR91Ofr/wDWrJgfypFk4OCeD9D146D1rUGpN/dX8z/hSAtf2PD6t+Y/wo/saIZ+Z+fdf/ia1qK0JMcaJBnJLn6kf4VIdIgPPI+mB/StSilYDMbSom6lvzH+FN/siH1b8x/hWrRTA//Z,1,,,https://scontent-lga3-1.cdninstagram.com/vp/3de72e786bcd2af212cd2f6b50e56d72/5BF7F9CA/t51.2885-15/sh0.08/e35/s640x640/12269887_168018636884948_1005523011_n.jpg,False,14,False,"{'height': 1080, 'width': 1080}",GraphImage,https://www.instagram.com/p/-OnOmIAIaK,,2015-11-18 08:45:36
261405032,1119983965680207704,https://scontent-lga3-1.cdninstagram.com/vp/e400cb8f4f88d04f581dd6e322a9e649/5C1336AD/t51.2885-15/e35/10986212_182133582132002_1063522699_n.jpg,ACoq3/tMX99f++h/jQ1zEvDOo+pArnFeGNt0ik56DAP4cnvTGnE775UH3MDA4z68/wBKm5q4K9rnTC5ibo6n/gQoNzEOrqP+BD/GuajgyOhGae1pu4Ubj7UuYv2XeSOiN1EBkuoB6cim/bIP+eif99D/ABrDuVaddojKhcFiSOg4P+fSstokBIx0NNO5k0l1JmJYYJyB68//AF6lGVfbngAfqOaArH5nUhcfLx1P4ZqEKYxk9Tjj8alG7ak7pWXUfBI7tguQAeCTx1OPwqS8lkByrk4xyMDn8Kmjt0dMDC854GT9CfSpXswsbc57gYx+Ge3Wn8jJxs7tmdbM8rfMzbfTceSCOvPPrU8iJvPzDqe49azUY5wOMH/638q0WUEk4HJNO9g5OY3jp6FdoZgPbH+FRf2RCcklsnjOffPpWpRTslsZ3b6lJLJUXaGbnHp29OKklthKpQkgH0x/hVmimF2Y40OAd3/Mf4VY/s2P1b8x/hWhRSsilOS2Z//Z,0,,,https://scontent-lga3-1.cdninstagram.com/vp/b7496b527c62ff915cf2f6a3eed2f29f/5BED3A61/t51.2885-15/sh0.08/e35/s640x640/10986212_182133582132002_1063522699_n.jpg,False,12,False,"{'height': 1080, 'width': 1080}",GraphImage,https://www.instagram.com/p/-K-3ucgIdY,,2015-11-16 22:55:14
261405032,1117387659241620734,https://scontent-lga3-1.cdninstagram.com/vp/29be15e1c31098ba7b284f9c6ba2378d/5BFA696C/t51.2885-15/e35/11371165_1667560863485925_1624273424_n.jpg,ACoq3rsZgkA7o38jWAhxbsp+8RwO9dDcf6p/90/yrmNo6/8As9QykXrh84Knpu6Y9v8ACqZbAy3U9PzpuB/lqYxBiKnscccn1oT380DWx0tp0b/e/oKt1UtOjf739BVuqWxJDcHETn0U/wAq5jzxgew9COvf/CunuBmJhnHynn04rmxADx5rfpQxh9pDDB4/A1HJMMEA/ofep/JX/no36f4VHJFhTtlP5j/61ILm9Zcqx9W/9lWrtUrE5Q9+R/6CtXaaEQ3PMT5/ut/KuaS3DDI3fnXTT/6tv90/yrnycDjina4m7bEPkr0y3/fRpHhwCFyT9cmpH4GaHJHTj/8AVRyrzFzM2tPXbGR15HP/AAFavVR0/wD1X41eoKP/2Q==,2,,,https://scontent-lga3-1.cdninstagram.com/vp/146fca8b8e6a0efce8083d63b47585ff/5BF1FAC7/t51.2885-15/sh0.08/e35/s640x640/11371165_1667560863485925_1624273424_n.jpg,False,12,False,"{'height': 1080, 'width': 1080}",GraphImage,https://www.instagram.com/p/-BwifpgIT-,,2015-11-13 08:56:50
